replication,kpi1,kpi2,kpi3,kpi4
replication1,0.08256699177895802,3.254686555130014,34.76037507480027,0.7760091272078915
