replication,kpi1,kpi2,kpi3,kpi4
replication1,0.08167227449948214,2.7677097135867905,29.80175116079355,0.7768931429063142
