replication,kpi1,kpi2,kpi3,kpi4
replication1,0.08473679452146728,2.0016725698543882,18.841976500631464,0.6777533077644972
