replication,kpi1,kpi2,kpi3,kpi4
replication1,0.08378685914784331,0.255859375,1.3883217800628,0.29427513610511224
