replication,kpi1,kpi2,kpi3,kpi4
replication1,0.08468949502155419,4.1893939393939394,44.62975011680638,0.8144551222055856
