replication,kpi1,kpi2,kpi3,kpi4
replication1,0.08207645924589156,3.9786888573168255,41.56144852423931,0.7859245205592651
