replication,kpi1,kpi2,kpi3,kpi4
replication1,0.08413499517768902,0.408796196239464,2.6552799727165675,0.37422096069821986
