replication,kpi1,kpi2,kpi3,kpi4
replication1,0.0838320369095474,0.07277499403483656,0.18637712184496977,0.12453792128170743
